{
  "coefficients": {
    "intercept": 0.17463303779918324,
    "scoring_eff": 0.6936478526806937,
    "volume_dev": 0.20408962784885773,
    "ast_dev": 0.5463884924901873,
    "orb_dev": 0.3764698437980434,
    "drb_dev": 0.19468764105065953,
    "stl_dev": 1.3469827024874366,
    "blk_dev": 0.854791502219301,
    "tov_dev": -0.8064112862244595,
    "pf_dev": -0.45876813647120995,
    "tpm_dev": 0.3125467698958143,
    "pos_PG": -0.6228072437830673,
    "pos_SG": -0.07845358525742349,
    "pos_PF": 0.31832786859116974,
    "pos_C": -0.002482405414239045,
    "pos_G": -4.912736883966318e-15,
    "ast_x_big": 0.22157782227157505,
    "scoring_x_vol": 0.009523119662305568,
    "team_net_rtg": 0.10033163673424803
  },
  "league_averages": {
    "pts_100": 22.74809154997039,
    "fga_100": 17.552251280014943,
    "fgm_100": 8.241073365255483,
    "fta_100": 4.651369471181315,
    "ftm_100": 3.6498596746958745,
    "tpm_100": 2.6160851447635483,
    "tpa_100": 7.272655401898307,
    "orb_100": 2.243549434655962,
    "drb_100": 6.38190960021383,
    "ast_100": 5.219929487195501,
    "stl_100": 1.6391519323931831,
    "blk_100": 0.9562031149301727,
    "tov_100": 2.7138698051285055,
    "pf_100": 3.904078575397945
  },
  "metrics": {
    "r2": 0.9307728998909144,
    "wr2": 0.9405867607781483,
    "rmse": 0.8115965299182238,
    "mae": 0.6210315424391679
  }
}